<assembly xmlns="http://maven.apache.org/plugins/maven-assembly-plugin/assembly/1.1.2"
          xmlns:xsi="http://www.w3.org/2001/XMLSchema-instance"
          xsi:schemaLocation="http://maven.apache.org/plugins/maven-assembly-plugin/assembly/1.1.2 http://maven.apache.org/xsd/assembly-1.1.2.xsd">
    <id>sources</id>
    <formats>
        <format>zip</format>
    </formats>
    <includeBaseDirectory>false</includeBaseDirectory>
    <fileSets>
        <fileSet>
            <directory>${project.basedir}/src/main/bash</directory>
            <outputDirectory/>
            <includes>
                <include>toolchain.conf</include>
                <include>toolchain.func</include>
            </includes>
        </fileSet>
        <fileSet>
            <directory>${project.basedir}/src/main/bash</directory>
            <outputDirectory/>
            <includes>
                <include>mingw32</include>
                <include>mingw64</include>
                <include>apple64</include>
                <include>armel-linux</include>
                <include>armhf-linux</include>
            </includes>
            <fileMode>0755</fileMode>
        </fileSet>
    </fileSets>
</assembly>