<configuration xmlns="https://github.com/qoomon/maven-git-versioning-extension"
               xmlns:xsi="http://www.w3.org/2001/XMLSchema-instance"
               xsi:schemaLocation="https://github.com/qoomon/maven-git-versioning-extension https://qoomon.github.io/maven-git-versioning-extension/configuration-7.0.0.xsd">

    <refs>
        <ref type="branch">
            <pattern>.+</pattern>
            <describeTagPattern><![CDATA[v(?<version>.*)]]></describeTagPattern>
            <version>${describe.tag.version}-${ref}-SNAPSHOT</version>
        </ref>

        <ref type="tag">
            <pattern><![CDATA[v(?<version>.*)]]></pattern>
            <version>${ref.version}</version>
        </ref>
    </refs>

    <!-- optional fallback configuration in case of no matching ref configuration-->
    <rev>
        <version>${commit}</version>
    </rev>

</configuration>
